{"cameraMode":{"drawMode":0,"name":"Shaded","section":"Shading Mode"},"sceneLighting":false,"audioPlay":false,"sceneViewState":{"showFog":true,"showMaterialUpdate":false,"showSkybox":true,"showFlares":true,"showImageEffects":true,"showParticleSystems":true},"in2DMode":false,"pivot":{"x":0.0,"y":-0.0015599727630615235,"z":3.8299999237060549},"rotation":{"x":0.26888230443000796,"y":-0.6323741674423218,"z":0.249136820435524,"w":0.6824958324432373},"size":3.473789930343628,"orthographic":false}